Indicator Name:,"Intentional homicide victims by sex, counts and rates per 100,000 population",,,,,,,,,,,,,,,,,,,,,,,,,,,,,,,,,,,,,,
,,,,,,,,,,,,,,,,,,,,,,,,,,,,,,,,,,,,,,,
Indicator Definition:,Definitions: “Intentional Homicide” means unlawful death inflicted upon a person with the intent to cause death or serious injury. ,,,,,,,,,,,,,,,,,,,,,,,,,,,,,,,,,,,,,,
,,,,,,,,,,,,,,,,,,,,,,,,,,,,,,,,,,,,,,,
,,,,,Total number of female/male victims of intentional homicide,,,,,,,,,,,,,,,,,,"Female/male victims of intentional homicide per 100,000 females/males",,,,,,,,,,,,,,,,
Region,Subregion,UNODC Name,Source,Gender,2000,2001,2002,2003,2004,2005,2006,2007,2008,2009,2010,2011,2012,2013,2014,2015,2016,,2000,2001,2002,2003,2004,2005,2006,2007,2008,2009,2010,2011,2012,2013,2014,2015,2016
Africa,Eastern Africa,Burundi,SDG,Females,,,,,,,,,,,,,,97,102,78,123,,,,,,,,,,,,,,,2,2,1.5,2.3
Africa,Eastern Africa,Burundi,SDG,Males,,,,,,,,,,,,,,423,462,383,512,,,,,,,,,,,,,,,9,9.5,7.6,9.9
Africa,Eastern Africa,Comoros,GHD Estimate,Females,,,,,,,,,,,,,,,,14,,,,,,,,,,,,,,,,,,3.7,
Africa,Eastern Africa,Comoros,GHD Estimate,Males,,,,,,,,,,,,,,,,46,,,,,,,,,,,,,,,,,,11.6,
Africa,Eastern Africa,Djibouti,GHD Estimate,Females,,,,,,,,,,,,,,,,11,,,,,,,,,,,,,,,,,,2.3,
Africa,Eastern Africa,Djibouti,GHD Estimate,Males,,,,,,,,,,,,,,,,49,,,,,,,,,,,,,,,,,,10.6,
Africa,Eastern Africa,Eritrea,GHD Estimate,Females,,,,,,,,,,,,,,,,83,,,,,,,,,,,,,,,,,,3.4,
Africa,Eastern Africa,Eritrea,GHD Estimate,Males,,,,,,,,,,,,,,,,307,,,,,,,,,,,,,,,,,,12.6,
Africa,Eastern Africa,Ethiopia,GHD Estimate,Females,,,,,,,,,,,,,,,,"1,932",,,,,,,,,,,,,,,,,,3.9,
Africa,Eastern Africa,Ethiopia,GHD Estimate,Males,,,,,,,,,,,,,,,,"5,620",,,,,,,,,,,,,,,,,,11.3,
Africa,Eastern Africa,Kenya,CTS,Females,,,,,,,,,,,,,,,522,611,639,,,,,,,,,,,,,,,,2.3,2.6,2.6
Africa,Eastern Africa,Kenya,CTS,Males,,,,,,,,,,,,,,,"1,783","1,650","1,724",,,,,,,,,,,,,,,,7.8,7,7.2
Africa,Eastern Africa,Madagascar,GHD Estimate,Females,,,,,,,,,,,,,,,,395,,,,,,,,,,,,,,,,,,3.3,
Africa,Eastern Africa,Madagascar,GHD Estimate,Males,,,,,,,,,,,,,,,,"1,467",,,,,,,,,,,,,,,,,,12.1,
Africa,Eastern Africa,Malawi,GHD Estimate,Females,,,,,,,,,,,,,63,,,,,,,,,,,,,,,,,,0.8,,,,
Africa,Eastern Africa,Malawi,GHD Estimate,Males,,,,,,,,,,,,,216,,,,,,,,,,,,,,,,,,2.7,,,,
Africa,Eastern Africa,Mauritius,MD/CTS/NSO,Females,11,,,11,7,13,13,12,18,16,8,8,10,11,8,6,10,,1.9,,,1.8,1.1,2.1,2.1,2,2.8,2.6,1.3,1.3,1.6,1.7,1.3,0.9,1.6
Africa,Eastern Africa,Mauritius,MD/CTS/NSO,Males,15,,,28,28,24,37,33,30,22,25,26,19,24,11,15,13,,2.5,,,4.7,4.6,3.9,6.1,5.4,5,3.6,4,4.2,3.1,3.9,1.8,2.4,2.1
Africa,Eastern Africa,Mozambique,GHD Estimate,Females,,,,,,,,,,,,142,,,,,,,,,,,,,,,,,,1.1,,,,,
Africa,Eastern Africa,Mozambique,GHD Estimate,Males,,,,,,,,,,,,707,,,,,,,,,,,,,,,,,,5.8,,,,,
Africa,Eastern Africa,Réunion,MD,Females,,,,,10,7,8,8,5,6,,,,,,,,,,,,,2.6,1.8,2,1.9,1.1,1.4,,,,,,,
Africa,Eastern Africa,Réunion,MD,Males,,,,,13,18,11,16,14,9,,,,,,,,,,,,,3.3,4.5,2.8,4.1,3.4,2.3,,,,,,,
Africa,Eastern Africa,Rwanda,GHD Estimate,Females,,,,,,,,,,,,,,,,65,,,,,,,,,,,,,,,,,,1.1,
Africa,Eastern Africa,Rwanda,GHD Estimate,Males,,,,,,,,,,,,,,,,228,,,,,,,,,,,,,,,,,,4,
Africa,Eastern Africa,Seychelles,MD,Females,,,,,2,,3,1,1,3,1,5,0,7,2,,,,,,,,4.1,,5.8,3.3,2.7,6.3,2.9,11.3,1,14.2,5.3,,
Africa,Eastern Africa,Seychelles,MD,Males,,,,,8,,6,7,5,11,8,11,4,11,14,,,,,,,,18.8,,14.3,14.3,10.3,23.9,16.4,23.2,7.6,24.5,29.1,,
Africa,Eastern Africa,Somalia,GHD Estimate,Females,,,,,,,,,,,,,,,,151,,,,,,,,,,,,,,,,,,2.2,
Africa,Eastern Africa,Somalia,GHD Estimate,Males,,,,,,,,,,,,,,,,448,,,,,,,,,,,,,,,,,,6.5,
Africa,Eastern Africa,South Sudan,GHD Estimate,Females,,,,,,,,,,,,,333,,,,,,,,,,,,,,,,,,6.2,,,,
Africa,Eastern Africa,South Sudan,GHD Estimate,Males,,,,,,,,,,,,,"1,171",,,,,,,,,,,,,,,,,,21.6,,,,
Africa,Eastern Africa,Uganda,CTS,Females,,,,,,,,,385,,600,743,741,791,841,,,,,,,,,,,,2.4,,3.5,4.2,4.1,4.2,4.3,,
Africa,Eastern Africa,Uganda,CTS,Males,,,,,,,,,"2,408",,"2,560","3,010","3,325","3,066","3,632",,,,,,,,,,,,15.3,,15.2,17.3,18.4,16.4,18.8,,
Africa,Eastern Africa,United Republic of Tanzania,CTS,Females,,,,,,,,,,,550,557,521,494,879,671,,,,,,,,,,,,,2.4,2.3,2.1,1.9,3.3,2.5,
Africa,Eastern Africa,United Republic of Tanzania,CTS,Males,,,,,,,,,,,"3,338","3,592","3,571","3,203","3,023","3,075",,,,,,,,,,,,,14.7,15.3,14.7,12.8,11.7,11.5,
Africa,Eastern Africa,Zambia,GHD Estimate,Females,,,,,,,,,,,,,,,,168,,,,,,,,,,,,,,,,,,2.1,
Africa,Eastern Africa,Zambia,GHD Estimate,Males,,,,,,,,,,,,,,,,685,,,,,,,,,,,,,,,,,,8.6,
Africa,Eastern Africa,Zimbabwe,GHD Estimate,Females,,,,,,,,,,,,,154,,,,,,,,,,,,,,,,,,2,,,,
Africa,Eastern Africa,Zimbabwe,GHD Estimate,Males,,,,,,,,,,,,,827,,,,,,,,,,,,,,,,,,11.5,,,,
Africa,Middle Africa,Angola,GHD Estimate,Females,,,,,,,,,,,,,263,,,,,,,,,,,,,,,,,,2.1,,,,
Africa,Middle Africa,Angola,GHD Estimate,Males,,,,,,,,,,,,,954,,,,,,,,,,,,,,,,,,7.8,,,,
Africa,Middle Africa,Cameroon,GHD Estimate,Females,,,,,,,,,,,,,161,,,,,,,,,,,,,,,,,,1.5,,,,
Africa,Middle Africa,Cameroon,GHD Estimate,Males,,,,,,,,,,,,,719,,,,,,,,,,,,,,,,,,6.8,,,,
Africa,Middle Africa,Central African Republic,CTS,Females,,,,,,,,,,,,,,,,,243,,,,,,,,,,,,,,,,,,10.4
Africa,Middle Africa,Central African Republic,CTS,Males,,,,,,,,,,,,,,,,,670,,,,,,,,,,,,,,,,,,29.4
Africa,Middle Africa,Chad,GHD Estimate,Females,,,,,,,,,,,,,,,,254,,,,,,,,,,,,,,,,,,3.6,
Africa,Middle Africa,Chad,GHD Estimate,Males,,,,,,,,,,,,,,,,"1,013",,,,,,,,,,,,,,,,,,14.4,
Africa,Middle Africa,Congo,GHD Estimate,Females,,,,,,,,,,,,,,,,112,,,,,,,,,,,,,,,,,,4.5,
Africa,Middle Africa,Congo,GHD Estimate,Males,,,,,,,,,,,,,,,,353,,,,,,,,,,,,,,,,,,14.1,
Africa,Middle Africa,Democratic Republic of the Congo,GHD Estimate,Females,,,,,,,,,,,,,,,,"1,964",,,,,,,,,,,,,,,,,,5.1,
Africa,Middle Africa,Democratic Republic of the Congo,GHD Estimate,Males,,,,,,,,,,,,,,,,"8,358",,,,,,,,,,,,,,,,,,22,
Africa,Middle Africa,Equatorial Guinea,GHD Estimate,Females,,,,,,,,,,,,,,,,5,,,,,,,,,,,,,,,,,,0.9,
Africa,Middle Africa,Equatorial Guinea,GHD Estimate,Males,,,,,,,,,,,,,,,,22,,,,,,,,,,,,,,,,,,3.4,
Africa,Middle Africa,Gabon,GHD Estimate,Females,,,,,,,,,,,,,,,,30,,,,,,,,,,,,,,,,,,3.2,
Africa,Middle Africa,Gabon,GHD Estimate,Males,,,,,,,,,,,,,,,,125,,,,,,,,,,,,,,,,,,12.6,
Africa,Middle Africa,Sao Tome and Principe,GHD Estimate,Females,,,,,,,,,,,,1,,,,,,,,,,,,,,,,,,1.5,,,,,
Africa,Middle Africa,Sao Tome and Principe,GHD Estimate,Males,,,,,,,,,,,,5,,,,,,,,,,,,,,,,,,5.2,,,,,
Africa,Northern Africa,Algeria,CTS,Females,,,,,,,,,,,,,,,85,73,,,,,,,,,,,,,,,,,0.4,0.4,
Africa,Northern Africa,Algeria,CTS,Males,,,,,,,,,,,,,,,492,469,,,,,,,,,,,,,,,,,2.5,2.3,
Africa,Northern Africa,Egypt,CTS,Females,,,,,52,63,144,163,110,193,197,331,262,,,,,,,,,,0.1,0.2,0.4,0.4,0.3,0.5,0.5,0.8,0.6,,,,
Africa,Northern Africa,Egypt,CTS,Males,,,,,270,459,405,517,857,719,"1,642","2,372","1,945",,,,,,,,,,0.7,1.2,1,1.3,2.1,1.7,3.9,5.5,4.4,,,,
Africa,Northern Africa,Libya,GHD Estimate,Females,,,,,,,,,,,,,,,,30,,,,,,,,,,,,,,,,,,1,
Africa,Northern Africa,Libya,GHD Estimate,Males,,,,,,,,,,,,,,,,126,,,,,,,,,,,,,,,,,,4,
Africa,Northern Africa,Morocco,UNSDC/CTS,Females,,,,,,,,,,53,,,56,66,,97,,,,,,,,,,,,0.3,,,0.3,0.4,,0.6,
Africa,Northern Africa,Morocco,UNSDC/CTS,Males,,,,,,,,,,379,,,327,363,,334,,,,,,,,,,,,2.4,,,2,2.2,,1.9,
Africa,Northern Africa,Sudan,GHD Estimate,Females,,,,,,,,,392,,,,,,,,,,,,,,,,,,2.4,,,,,,,,
Africa,Northern Africa,Sudan,GHD Estimate,Males,,,,,,,,,"1,310",,,,,,,,,,,,,,,,,,8,,,,,,,,
Africa,Northern Africa,Tunisia,GHD Estimate,Females,,,,,,,,,,,,,57,,,,,,,,,,,,,,,,,,1,,,,
Africa,Northern Africa,Tunisia,GHD Estimate,Males,,,,,,,,,,,,,275,,,,,,,,,,,,,,,,,,5.1,,,,
Africa,Southern Africa,Botswana,GHD Estimate,Females,,,,,,,,,,,25,,,,,,,,,,,,,,,,,,2.5,,,,,,
Africa,Southern Africa,Botswana,GHD Estimate,Males,,,,,,,,,,,278,,,,,,,,,,,,,,,,,,27.9,,,,,,
Africa,Southern Africa,Lesotho,GHD Estimate,Females,,,,,,,,,,,,,,,,100,,,,,,,,,,,,,,,,,,8.9,
Africa,Southern Africa,Lesotho,GHD Estimate,Males,,,,,,,,,,,,,,,,797,,,,,,,,,,,,,,,,,,75.6,
Africa,Southern Africa,Namibia,GHD Estimate,Females,,,,,,,,,,,,,41,,,,,,,,,,,,,,,,,,3.5,,,,
Africa,Southern Africa,Namibia,GHD Estimate,Males,,,,,,,,,,,,,347,,,,,,,,,,,,,,,,,,31.7,,,,
Africa,Southern Africa,South Africa,NP,Females,,,,,,,"2,727","2,679","2,546","2,596","2,742","2,400",,,,,,,,,,,,,10.8,10.5,9.9,10,10.4,9,,,,,
Africa,Southern Africa,South Africa,NP,Males,,,,,,,"16,379","15,721","15,538","14,171","13,151","13,154",,,,,,,,,,,,,67.6,64.2,62.8,56.6,51.9,51.3,,,,,
Africa,Southern Africa,Swaziland,GHD Estimate,Females,,,,,,,,,,,28,,,,,,,,,,,,,,,,,,4.5,,,,,,
Africa,Southern Africa,Swaziland,GHD Estimate,Males,,,,,,,,,,,180,,,,,,,,,,,,,,,,,,30.9,,,,,,
Africa,Western Africa,Benin,GHD Estimate,Females,,,,,,,,,,,,,,,,127,,,,,,,,,,,,,,,,,,2.4,
Africa,Western Africa,Benin,GHD Estimate,Males,,,,,,,,,,,,,,,,527,,,,,,,,,,,,,,,,,,10,
Africa,Western Africa,Burkina Faso,GHD Estimate,Females,,,,,,,,,,,,,,,,17,,,,,,,,,,,,,,,,,,0.2,
Africa,Western Africa,Burkina Faso,GHD Estimate,Males,,,,,,,,,,,,,,,,50,,,,,,,,,,,,,,,,,,0.6,
Africa,Western Africa,Cabo Verde,MD/CTS,Females,,,,,,,,,,,,7,10,7,15,7,,,,,,,,,,,,,,2.8,3.9,2.7,5.7,2.6,
Africa,Western Africa,Cabo Verde,MD/CTS,Males,,,,,,,,,,,,46,46,47,50,39,,,,,,,,,,,,,,18.1,17.9,18.1,19.1,14.7,
Africa,Western Africa,Côte d'Ivoire,GHD Estimate,Females,,,,,,,,,,,,,,,,855,,,,,,,,,,,,,,,,,,7.5,
Africa,Western Africa,Côte d'Ivoire,GHD Estimate,Males,,,,,,,,,,,,,,,,"1,833",,,,,,,,,,,,,,,,,,15.6,
Africa,Western Africa,Gambia,GHD Estimate,Females,,,,,,,,,,,,,,,,18,,,,,,,,,,,,,,,,,,1.8,
Africa,Western Africa,Gambia,GHD Estimate,Males,,,,,,,,,,,,,,,,163,,,,,,,,,,,,,,,,,,16.6,
Africa,Western Africa,Ghana,GHD Estimate,Females,,,,,,,,,,,,125,,,,,,,,,,,,,,,,,,1,,,,,
Africa,Western Africa,Ghana,GHD Estimate,Males,,,,,,,,,,,,298,,,,,,,,,,,,,,,,,,2.4,,,,,
Africa,Western Africa,Guinea,GHD Estimate,Females,,,,,,,,,,,,,,,,231,,,,,,,,,,,,,,,,,,3.8,
Africa,Western Africa,Guinea,GHD Estimate,Males,,,,,,,,,,,,,,,,836,,,,,,,,,,,,,,,,,,13.8,
Africa,Western Africa,GuineaBissau,GHD Estimate,Females,,,,,,,,,,,,,,,,77,,,,,,,,,,,,,,,,,,8.6,
Africa,Western Africa,GuineaBissau,GHD Estimate,Males,,,,,,,,,,,,,,,,92,,,,,,,,,,,,,,,,,,10.6,
Africa,Western Africa,Liberia,GHD Estimate,Females,,,,,,,,,,,,,29,,,,,,,,,,,,,,,,,,1.4,,,,
Africa,Western Africa,Liberia,GHD Estimate,Males,,,,,,,,,,,,,106,,,,,,,,,,,,,,,,,,5.1,,,,
Africa,Western Africa,Mali,GHD Estimate,Females,,,,,,,,,,,,,,,,445,,,,,,,,,,,,,,,,,,5.1,
Africa,Western Africa,Mali,GHD Estimate,Males,,,,,,,,,,,,,,,,"1,459",,,,,,,,,,,,,,,,,,16.7,
Africa,Western Africa,Mauritania,GHD Estimate,Females,,,,,,,,,,,,,,,,107,,,,,,,,,,,,,,,,,,5.2,
Africa,Western Africa,Mauritania,GHD Estimate,Males,,,,,,,,,,,,,,,,308,,,,,,,,,,,,,,,,,,14.6,
Africa,Western Africa,Niger,GHD Estimate,Females,,,,,,,,,,,,,173,,,,,,,,,,,,,,,,,,2,,,,
Africa,Western Africa,Niger,GHD Estimate,Males,,,,,,,,,,,,,615,,,,,,,,,,,,,,,,,,6.9,,,,
Africa,Western Africa,Nigeria,GHD Estimate,Females,,,,,,,,,,,,,,,,"4,441",,,,,,,,,,,,,,,,,,5,
Africa,Western Africa,Nigeria,GHD Estimate,Males,,,,,,,,,,,,,,,,"13,402",,,,,,,,,,,,,,,,,,14.6,
Africa,Western Africa,Senegal,GHD Estimate,Females,,,,,,,,,,,,,,,,204,,,,,,,,,,,,,,,,,,2.7,
Africa,Western Africa,Senegal,GHD Estimate,Males,,,,,,,,,,,,,,,,901,,,,,,,,,,,,,,,,,,12.3,
Africa,Western Africa,Sierra Leone,GHD Estimate,Females,,,,,,,,,,,,,,,,27,,,,,,,,,,,,,,,,,,0.8,
Africa,Western Africa,Sierra Leone,GHD Estimate,Males,,,,,,,,,,,,,,,,97,,,,,,,,,,,,,,,,,,2.7,
Africa,Western Africa,Togo,GHD Estimate,Females,,,,,,,,,,,,,,,,118,,,,,,,,,,,,,,,,,,3.2,
Africa,Western Africa,Togo,GHD Estimate,Males,,,,,,,,,,,,,,,,549,,,,,,,,,,,,,,,,,,14.9,
Americas,Caribbean,Anguilla,MD,Females,    ,,,,,,,,    ,    ,,,,    ,,,,,,,,,,,,,,,,,,,,,
Americas,Caribbean,Anguilla,MD,Males,1,,,,,,,,1,1,,,,1,,,,,,,,,,,,,,,,,,,,,
Americas,Caribbean,Antigua and Barbuda,MD/OAS,Females,,1,1,,,,,,5,,,,,,,,,,,1.7,2.8,,,,,,10.4,,,,,,,,
Americas,Caribbean,Antigua and Barbuda,MD/OAS,Males,,6,4,,,,,,11,,,,,,,,,,,15.5,9.2,,,,,,24.8,,,,,,,,
Americas,Caribbean,Aruba,MD,Females,,2,1,1,    ,1,1,    ,1,1,    ,    ,1,1,    ,,,,,4.1,2,2,    ,1.9,1.9,    ,1.9,1.9,    ,    ,1.9,1.8,    ,,
Americas,Caribbean,Aruba,MD,Males,,2,4,3,2,5,4,3,4,3,4,2,3,5,2,,,,,4.5,8.8,6.5,4.3,10.5,8.3,6.2,8.3,6.2,8.3,4.1,6.1,10.2,4.1,,
Americas,Caribbean,Bahamas,MD/CTS,Females,16,5,12,6,2,8,5,8,7,10,14,16,10,,,,,,10.8,3.3,7.7,3.7,1.2,4.7,2.9,4.6,3.9,5.5,7.6,8.5,5.3,,,,
Americas,Caribbean,Bahamas,MD/CTS,Males,58,38,40,44,42,44,56,70,66,77,80,111,101,,,,,,39.7,25.6,26.4,28.6,26.7,27.4,34.1,41.9,38.7,44.4,45.4,61.9,55.5,,,,
Americas,Caribbean,Barbados,MD/CTS,Females,5,4,8,11,1,9,2,6,4,3,8,2,2,7,3,3,,,3.6,3.2,5.3,7.8,0.6,6.4,1.1,4.2,2.8,2.1,5.5,1.4,1.4,4.8,2,2,
Americas,Caribbean,Barbados,MD/CTS,Males,15,21,18,22,21,20,33,19,19,16,23,25,20,17,22,28,,,11.6,15.8,13.4,16.8,16.1,15.1,25.4,14.3,14.3,12,17.1,18.6,14.8,12.6,16.2,20.6,
Americas,Caribbean,British Virgin Islands,MD,Females,,    ,    ,1,1,,1,,,,,,,,,,,,,,,,,,,,,,,,,,,,
Americas,Caribbean,British Virgin Islands,MD,Males,,1,1,1,3,,1,,,,,,,,,,,,,,,,,,,,,,,,,,,,
Americas,Caribbean,Cayman Islands,MD/NSO,Females,1,1,,1,1,    ,1,1,    ,1,    ,,,    ,    ,,,,,,,,,,,,,,,,,,,,
Americas,Caribbean,Cayman Islands,MD/NSO,Males,3,1,,2,4,3,    ,1,4,7,9,,,5,5,,,,,,,,,,,,,,,,,,,,
Americas,Caribbean,Cuba,MD/MOH,Females,155,159,185,153,146,168,133,139,120,153,126,132,138,147,156,139,121,,2.8,2.9,3.3,2.7,2.6,3,2.4,2.5,2.1,2.7,2.2,2.3,2.4,2.6,2.7,2.4,2.1
Americas,Caribbean,Cuba,MD/MOH,Males,432,446,476,489,514,516,443,429,395,412,379,402,483,527,444,480,451,,7.7,7.9,8.5,8.7,9.1,9.1,7.8,7.6,7,7.3,6.7,7.1,8.5,9.2,7.8,8.4,7.9
Americas,Caribbean,Curaçao,PAHO,Females,,2,6,2,7,6,3,3,,,,,,,,,,,,2.9,8.8,2.9,10.3,8.7,4.3,4.1,,,,,,,,,
Americas,Caribbean,Curaçao,PAHO,Males,,8,33,41,34,20,15,23,,,,,,,,,,,,13.1,54.6,68.2,56.5,33,24.4,36.5,,,,,,,,,
Americas,Caribbean,Dominica,MD/OAS,Females,,1,    ,2,,,,,2,,2,    ,,,,,,,,,,,,,,,,,,,,,,,
Americas,Caribbean,Dominica,MD/OAS,Males,,    ,9,6,,,,,5,,13,6,,,,,,,,,,,,,,,,,,,,,,,
Americas,Caribbean,Dominican Republic,OAS/CTS,Females,,,,,,214,180,175,187,180,210,233,201,,187,,170,,,,,,,4.6,3.8,3.7,3.9,3.7,4.2,4.6,3.9,,3.6,,3.2
Americas,Caribbean,Dominican Republic,OAS/CTS,Males,,,,,,"2,180","1,964","1,936","2,207","2,195","2,264","2,280","2,067",,"1,623",,"1,446",,,,,,,47.2,41.9,40.8,45.8,45,45.8,45.6,40.8,,31.3,,27.3
Americas,Caribbean,Grenada,CTS,Females,,,,,,3,3,2,2,3,2,1,5,2,3,2,3,,,,,,,5.8,5.8,3.8,3.8,5.7,3.8,1.9,9.5,3.8,5.7,3.8,5.6
Americas,Caribbean,Grenada,CTS,Males,,,,,,8,9,9,14,4,8,3,9,4,5,4,8,,,,,,,15.6,17.5,17.4,27,7.7,15.3,5.7,17,7.5,9.4,7.5,14.9
Americas,Caribbean,Guadeloupe,MD,Females,,,,,9,2,7,,8,5,,,,,,,,,,,,,4.2,0.7,2.9,,3.4,2.3,,,,,,,
Americas,Caribbean,Guadeloupe,MD,Males,,,,,17,21,17,,24,31,,,,,,,,,,,,,7.8,10.1,8.2,,11.3,14.5,,,,,,,
Americas,Caribbean,Haiti,GHD Estimate,Females,,,,,,,,,,,,,236,,,,,,,,,,,,,,,,,,4.5,,,,
Americas,Caribbean,Haiti,GHD Estimate,Males,,,,,,,,,,,,,797,,,,,,,,,,,,,,,,,,15.7,,,,
Americas,Caribbean,Jamaica,CTS,Females,,,,,,186,152,151,165,156,145,119,127,130,100,116,135,,,,,,,13.4,10.9,10.8,11.7,11,10.2,8.4,8.9,9.1,7,8,9.3
Americas,Caribbean,Jamaica,CTS,Males,,,,,,"1,488","1,188","1,433","1,454","1,527","1,302","1,014",972,"1,071",905,"1,092","1,219",,,,,,,109.5,87,104.3,105.1,109.8,93.1,72.1,68.8,75.5,63.6,76.4,85.1
Americas,Caribbean,Martinique,MD,Females,,,,,,,5,5,4,3,,,,,,,,,,,,,,,2.4,2.6,2,1.4,,,,,,,
Americas,Caribbean,Martinique,MD,Males,,,,,,,18,18,13,8,,,,,,,,,,,,,,,9.7,9.5,6.9,4.4,,,,,,,
Americas,Caribbean,Montserrat,MD,Females,    ,    ,    ,    ,    ,    ,    ,,    ,,,,1,,,,,,,,,,,,,,,,,,,,,,
Americas,Caribbean,Montserrat,MD,Males,    ,    ,    ,    ,    ,1,1,,1,,,,    ,,,,,,,,,,,,,,,,,,,,,,
Americas,Caribbean,Puerto Rico,MD/NSO,Females,71,55,59,53,63,57,41,54,57,54,62,86,71,56,45,34,57,,3.6,2.8,3,2.7,3.2,2.9,2.1,2.8,2.9,2.8,3.2,4.5,3.7,2.9,2.4,1.8,3
Americas,Caribbean,Puerto Rico,MD/NSO,Males,624,692,722,734,734,714,707,676,758,847,955,"1,078",933,846,655,585,622,,34.2,37.9,39.6,40.3,40.5,39.5,39.2,37.6,42.2,47.3,53.5,60.5,52.5,47.7,37,33.1,35.3
Americas,Caribbean,Saint Kitts and Nevis,MD/CTS,Females,,2,    ,    ,    ,,,,,3,2,1,,,,,,,,,,,,,,,,,,,,,,,
Americas,Caribbean,Saint Kitts and Nevis,MD/CTS,Males,,4,5,10,11,,,,,24,19,33,,,,,,,,,,,,,,,,,,,,,,,
Americas,Caribbean,Saint Lucia,MD,Females,2,,7,2,4,,,,,6,6,7,6,5,    ,,,,3.1,,8.1,2.6,4.7,,,,,7,6.3,8.3,7.1,5.6,    ,,
Americas,Caribbean,Saint Lucia,MD,Males,21,,35,34,33,,,,,33,39,39,33,28,34,,,,26.7,,45.2,43,41.7,,,,,39.2,45.5,45.3,38.1,32.5,39.3,,
Americas,Caribbean,Saint Vincent and the Grenadines,CTS,Females,,,,,6,7,6,9,3,3,3,,,,,,4,,,,,,11.6,13,11.4,16.5,5.6,6.4,5.5,,,,,,7.4
Americas,Caribbean,Saint Vincent and the Grenadines,CTS,Males,,,,,23,19,14,31,13,20,22,,,,,,36,,,,,,41.6,34.6,25.2,56.5,23.6,35.4,39.9,,,,,,65
Americas,Caribbean,Trinidad and Tobago,CTS,Females,,,,,26,39,34,30,57,40,53,30,45,40,45,29,,,,,,,4,6,5.2,4.5,8.6,6,7.9,4.4,6.6,5.9,6.6,4.2,
Americas,Caribbean,Trinidad and Tobago,CTS,Males,,,,,234,347,337,361,490,467,420,322,335,368,360,391,,,,,,,36.6,54,52.2,55.7,75.2,71.4,63.9,48.8,50.5,55.2,53.8,58.3,
Americas,Caribbean,Turks and Caicos Islands,MD,Females,,,    ,,,,,1,1,    ,,,,1,    ,,,,,,,,,,,,,,,,,,,,
Americas,Caribbean,Turks and Caicos Islands,MD,Males,,,2,,,,,1,1,2,,,,3,2,,,,,,,,,,,,,,,,,,,,
Americas,Caribbean,United States Virgin Islands,MD,Females,3,2,5,3,1,3,4,3,2,2,7,3,2,,,,,,5.3,3.6,8.9,5.4,1.8,5.4,7.2,5.4,3.6,3.6,12.6,5.4,3.6,,,,
Americas,Caribbean,United States Virgin Islands,MD,Males,20,26,36,28,36,34,39,40,44,48,49,42,50,,,,,,38.1,49.5,68.6,53.5,68.9,65.3,75.2,77.5,85.7,94,96.5,83,99.2,,,,
Americas,Central America,Belize,OAS/CTS,Females,,,,,14,,,,,9,16,12,14,10,12,9,15,,,,,,10.2,,,,,5.7,10,7.3,8.3,5.8,6.8,5,8.1
Americas,Central America,Belize,OAS/CTS,Males,,,,,65,,,,,88,113,112,131,89,111,110,123,,,,,,46.8,,,,,56,70.2,68.1,77.9,51.8,63.3,61.4,67.2
Americas,Central America,Costa Rica,MD/CTS,Females,40,28,34,38,39,61,45,37,60,59,61,64,50,36,51,,,,2.1,1.4,1.7,1.8,1.9,2.9,2.1,1.7,2.7,2.6,2.7,2.8,2.2,1.5,2.1,,
Americas,Central America,Costa Rica,MD/CTS,Males,209,229,224,262,241,274,306,332,452,466,466,410,357,375,426,,,,10.6,11.4,11,12.7,11.5,12.9,14.2,15.2,20.4,20.7,20.5,17.8,15.3,15.9,17.9,,
Americas,Central America,El Salvador,PAHO/CTS/RSC,Females,,,,,,398,447,340,317,592,562,628,322,217,294,575,527,,,,,,,12.6,14.1,10.7,9.9,18.3,17.3,19.2,9.8,6.6,8.8,17.2,15.7
Americas,Central America,El Salvador,PAHO/CTS/RSC,Males,,,,,,"3,484","3,480","3,157","2,862","3,790","3,425","3,743","2,272","2,296","3,627","6,081","4,730",,,,,,,121,120.6,109.1,98.6,130.2,117.4,127.9,77.4,77.9,122.6,204.8,158.4
Americas,Central America,Guatemala,CTS,Females,,,,,497,518,603,590,687,720,695,632,573,654,630,,,,,,,,7.6,7.8,8.8,8.5,9.6,9.9,9.3,8.3,7.4,8.2,7.8,,
Americas,Central America,Guatemala,CTS,Males,,,,,"4,010","4,820","5,282","5,191","5,605","5,778","5,265","5,049","4,582","4,599","4,368",,,,,,,,63.9,75,80.4,77.2,81.5,82.2,73.3,68.7,61,60,55.8,,
Americas,Central America,Honduras,NP/CTS,Females,,,,,,,210,324,312,364,385,483,606,490,496,478,466,,,,,,,,5.5,8.4,7.9,9,9.4,11.5,14.2,11.3,11.2,10.6,10.2
Americas,Central America,Honduras,NP/CTS,Males,,,,,,,"2,908","3,264","4,143","4,916","5,851","6,621","6,566","5,941","5,395","4,670","4,684",,,,,,,,77.5,85,105.7,122.8,143.3,159.1,154.9,137.7,122.9,104.5,103.1
Americas,Central America,Mexico,SDG,Females,"1,286","1,281","1,283","1,327","1,205","1,296","1,301","1,097","1,416","1,924","2,406","2,719","2,783","2,667","2,414","2,393","2,821",,2.5,2.5,2.4,2.5,2.2,2.4,2.4,2,2.5,3.3,4.1,4.5,4.6,4.3,3.9,3.8,4.4
Americas,Central America,Mexico,SDG,Males,"9,451","9,004","8,805","8,760","8,124","8,625","9,151","7,770","12,590","17,879","23,351","24,494","23,184","20,396","17,596","18,369","21,738",,18.7,17.6,17,16.7,15.3,16,16.7,14,22.3,31.1,40,41.3,38.5,33.4,28.5,29.3,34.2
Americas,Central America,Nicaragua,OAS/CTS/MD/RIC/NP,Females,,,,,,,,,58,94,78,55,64,65,,66,,,,,,,,,,,2,3.3,2.7,1.9,2.1,2.2,,2.1,
Americas,Central America,Nicaragua,OAS/CTS/MD/RIC/NP,Males,,,,,,,,,678,708,707,683,609,529,,458,,,,,,,,,,,24.6,25.3,25,23.9,21,18.1,,15.3,
Americas,Central America,Panama,MD/CTS,Females,29,27,39,36,27,36,19,21,31,40,31,26,34,50,38,49,44,,1.9,1.7,2.5,2.3,1.7,2.2,1.1,1.2,1.8,2.2,1.7,1.4,1.8,2.6,2,2.5,2.2
Americas,Central America,Panama,MD/CTS,Males,270,279,337,301,281,328,202,258,462,522,429,523,603,613,530,398,346,,17.7,17.9,21.2,18.6,17.1,19.6,11.8,14.9,26.1,29,23.4,28.1,31.8,31.8,27.1,20,17.1
Americas,Northern America,Bermuda,MD/CTS,Females,,,,,1,    ,,,,1,    ,2,    ,    ,1,    ,    ,,,,,,2.9,    ,,,,3,    ,6,    ,    ,3.1,    ,    
Americas,Northern America,Bermuda,MD/CTS,Males,,,,,    ,2,,,,5,7,6,6,5,3,4,8,,,,,,    ,6.5,,,,16.3,23,19.8,20,16.7,10.1,13.6,27.2
Americas,Northern America,Canada,SDG/CTS,Females,149,162,207,156,200,180,162,166,147,162,154,179,157,151,151,176,151,,1,1,1.3,1,1.2,1.1,1,1,0.9,1,0.9,1,0.9,0.8,0.8,1,0.8
Americas,Northern America,Canada,SDG/CTS,Males,397,392,375,393,425,484,446,431,467,448,402,427,391,358,370,428,460,,2.6,2.5,2.4,2.5,2.7,3,2.8,2.6,2.8,2.7,2.4,2.5,2.3,2,2.1,2.4,2.6
Americas,Northern America,Greenland,GHD Estimate,Females,,,,,,,,,,,,,,,,2,,,,,,,,,,,,,,,,,,,
Americas,Northern America,Greenland,GHD Estimate,Males,,,,,,,,,,,,,,,,2,,,,,,,,,,,,,,,,,,,
Americas,Northern America,Saint Pierre and Miquelon,WHO,Females,,,,,,,    ,,,,,,,,,,,,,,,,,,,,,,,,,,,,
Americas,Northern America,Saint Pierre and Miquelon,WHO,Males,,,,,,,    ,,,,,,,,,,,,,,,,,,,,,,,,,,,,
Americas,Northern America,United States of America,UNSDC/NP/CTS,Females,"3,709","4,460","3,761","3,695","3,552","3,559","3,654","3,678","3,589","3,530","3,311","3,262","3,301","3,169","3,184","3,334","3,682",,2.6,3.1,2.6,2.5,2.4,2.4,2.4,2.4,2.3,2.3,2.1,2.1,2.1,2,2,2.1,2.3
Americas,Northern America,United States of America,UNSDC/NP/CTS,Males,"11,877","14,573","12,468","12,833","12,596","13,181","13,655","13,450","12,896","11,869","11,411","11,399","11,555","11,150","10,980","12,549","13,568",,8.6,10.4,8.8,9,8.7,9.1,9.3,9.1,8.6,7.9,7.5,7.4,7.5,7.1,7,7.9,8.5
Americas,South America,Argentina,MD/CTS,Females,,,,,,,,,,,,,,,427,387,,,,,,,,,,,,,,,,,1.9,1.7,
Americas,South America,Argentina,MD/CTS,Males,,,,,,,,,,,,,,,"2,800","2,450",,,,,,,,,,,,,,,,,13.3,11.5,
Americas,South America,Bolivia (Plurinational State of),OAS/CTS,Females,,,,,,,,,137,,,,,,,241,234,,,,,,,,,,2.9,,,,,,,4.5,4.3
Americas,South America,Bolivia (Plurinational State of),OAS/CTS,Males,,,,,,,,,691,,,,,,,430,452,,,,,,,,,,14.4,,,,,,,8,8.3
Americas,South America,Brazil,MD,Females,"3,433","3,534","3,553","3,613","3,518","3,566","3,693","3,534","3,696","3,694","3,699","4,163","4,450","4,550","4,629","4,649",,,3.9,3.9,3.9,3.9,3.8,3.8,3.9,3.6,3.8,3.7,3.7,4.1,4.4,4.4,4.5,4.4,
Americas,South America,Brazil,MD,Males,"38,162","40,440","42,032","43,215","40,861","40,079","41,393","41,091","42,189","40,824","39,573","43,921","48,604","49,613","52,462","53,810",,,44.1,46.1,47.2,48,44.8,43.5,44.4,43.6,44.4,42.5,40.8,44.9,49.2,49.8,52.2,53.1,
Americas,South America,Chile,CTS/OAS,Females,,,,,,83,91,111,103,99,96,115,37,108,123,67,90,,,,,,,1,1.1,1.3,1.2,1.2,1.1,1.3,0.4,1.2,1.4,0.7,1
Americas,South America,Chile,CTS/OAS,Males,,,,,,493,499,505,485,531,445,521,397,448,515,467,530,,,,,,,6.2,6.2,6.2,5.9,6.4,5.3,6.1,4.6,5.2,5.9,5.3,6
Americas,South America,Colombia,MD/CTS,Females,"1,924","2,214","2,242","2,000","1,629","1,492","1,323","1,385","1,262","1,260","1,226","1,348","1,387","1,225","1,170","1,068","1,038",,9.4,10.7,10.7,9.4,7.5,6.8,6,6.2,5.5,5.5,5.3,5.7,5.8,5.1,4.8,4.4,4.2
Americas,South America,Colombia,MD/CTS,Males,"24,615","25,626","26,145","21,523","18,581","16,619","16,156","15,813","14,878","14,557","14,233","14,779","15,053","14,194","12,173","11,714","11,364",,123.2,126.5,127.2,103.3,88,77.7,74.7,72.2,67.2,65,62.9,64.6,65.2,60.9,51.7,49.3,47.5
Americas,South America,Ecuador,MD/OAS/CTS,Females,145,148,185,182,218,166,222,229,213,276,241,251,233,253,187,179,180,,2.3,2.3,2.8,2.8,3.2,2.4,3.2,3.2,3,3.8,3.2,3.3,3,3.2,2.4,2.2,2.2
Americas,South America,Ecuador,MD/OAS/CTS,Males,"1,688","1,510","1,721","1,755","2,172","1,955","2,163","2,044","2,394","2,349","2,382","2,093","1,690","1,472","1,124",876,779,,26.7,23.4,26.3,26.4,32.1,28.4,30.9,28.7,33.1,31.9,31.9,27.6,21.9,18.8,14.1,10.9,9.5
Americas,South America,French Guiana,MD,Females,,,,,,,4,2,1,5,,,,,,,,,,,,,,,3.3,1.6,1.2,4.8,,,,,,,
Americas,South America,French Guiana,MD,Males,,,,,,,39,26,31,25,,,,,,,,,,,,,,,36.9,24.4,27.7,21.6,,,,,,,
Americas,South America,Guyana,CTS,Females,,,,,,28,23,28,38,29,31,34,27,30,,28,10,,,,,,,7.5,6.1,7.5,10.2,7.8,8.3,9.1,7.2,7.9,,7.3,2.6
Americas,South America,Guyana,CTS,Males,,,,,,114,130,87,120,88,109,96,112,125,,121,132,,,,,,,30.3,34.6,23.2,32.1,23.6,29.2,25.6,29.7,32.8,,31.3,33.9
Americas,South America,Paraguay,CTS,Females,,,,,,,,46,59,69,73,62,73,52,69,57,,,,,,,,,,1.6,2,2.3,2.4,2,2.3,1.6,2.1,1.7,
Americas,South America,Paraguay,CTS,Males,,,,,,,,737,774,752,668,595,576,552,509,560,,,,,,,,,,24.4,25.2,24.2,21.2,18.6,17.8,16.8,15.3,16.6,
Americas,South America,Peru,CTS/SDG,Females,,,,,,,,,,,,279,317,311,345,407,518,,,,,,,,,,,,,1.9,2.1,2,2.2,2.6,3.3
Americas,South America,Peru,CTS/SDG,Males,,,,,,,,,,,,"1,338","1,651","1,702","1,731","1,840","1,917",,,,,,,,,,,,,9,11,11.1,11.2,11.7,12.1
Americas,South America,Suriname,PAHO/OAS,Females,,,,,,,,15,10,,,,,,,,,,,,,,,,,5.8,3.9,,,,,,,,
Americas,South America,Suriname,PAHO/OAS,Males,,,,,,,,30,33,,,,,,,,,,,,,,,,,11.9,12.7,,,,,,,,
Americas,South America,Uruguay,CTS/UNSDC,Females,,,,,,,43,32,44,45,41,41,38,54,51,50,42,,,,,,,,2.5,1.9,2.5,2.6,2.3,2.3,2.2,3.1,2.9,2.8,2.4
Americas,South America,Uruguay,CTS/UNSDC,Males,,,,,,,159,162,177,181,164,158,229,206,217,243,223,,,,,,,,9.9,10.1,11,11.2,10.1,9.7,14,12.5,13.2,14.7,13.4
Americas,South America,Venezuela (Bolivarian Republic of),MD/OAS,Females,520,484,845,690,598,556,670,672,735,762,789,805,941,,,,,,4.3,3.9,6.7,5.3,4.6,4.2,4.9,4.9,5.2,5.3,5.4,5.5,6.3,,,,
Americas,South America,Venezuela (Bolivarian Republic of),MD/OAS,Males,"7,502","7,476","8,772","10,652","9,121","9,408","11,587","12,484","13,854","13,223","12,291","13,293","15,131",,,,,,61,59.7,68.8,82.2,69.2,70.2,85,90.2,98.5,92.6,84.8,90.4,101.5,,,,
Asia,Central Asia,Kazakhstan,CTS,Females,,,,,,,,,363,416,344,329,276,280,204,251,,,,,,,,,,,4.4,5,4.1,3.8,3.2,3.2,2.3,2.7,
Asia,Central Asia,Kazakhstan,CTS,Males,,,,,,,,,"1,444","1,355","1,043","1,091",990,840,700,602,,,,,,,,,,,18.7,17.3,13.2,13.6,12.1,10.1,8.3,7,
Asia,Central Asia,Kyrgyzstan,UNECE/CTS,Females,76,68,79,94,89,90,84,100,90,131,,,,,,,,,3.1,2.7,3.1,3.7,3.5,3.5,3.3,3.8,3.4,4.9,,,,,,,
Asia,Central Asia,Kyrgyzstan,UNECE/CTS,Males,354,318,332,327,331,329,338,326,339,288,,,,,,,,,14.5,13,13.4,13.2,13.2,13.1,13.3,12.7,13,10.9,,,,,,,
Asia,Central Asia,Tajikistan,CTS,Females,,,,,,,40,33,38,24,23,17,,,,,,,,,,,,,1.2,0.9,1,0.7,0.6,0.4,,,,,
Asia,Central Asia,Tajikistan,CTS,Males,,,,,,,154,99,62,73,158,109,,,,,,,,,,,,,4.4,2.7,1.7,1.9,4.1,2.8,,,,,
Asia,Central Asia,Turkmenistan,GHD Estimate,Females,,,,,,,42,,,,,,,,,,,,,,,,,,1.7,,,,,,,,,,
Asia,Central Asia,Turkmenistan,GHD Estimate,Males,,,,,,,161,,,,,,,,,,,,,,,,,,6.8,,,,,,,,,,
Asia,Central Asia,Uzbekistan,GHD Estimate,Females,,,,,,,,,162,,,,,,,,,,,,,,,,,,1.2,,,,,,,,
Asia,Central Asia,Uzbekistan,GHD Estimate,Males,,,,,,,,,669,,,,,,,,,,,,,,,,,,4.9,,,,,,,,
Asia,Eastern Asia,China,GHD Estimate,Females,,,,,,,,,,,,,,,"3,412",,,,,,,,,,,,,,,,,,0.5,,
Asia,Eastern Asia,China,GHD Estimate,Males,,,,,,,,,,,,,,,"6,671",,,,,,,,,,,,,,,,,,0.9,,
Asia,Eastern Asia,"China, Hong Kong Special Administrative Region",CTS,Females,,,,,20,13,18,11,25,25,19,9,12,37,,,,,,,,,0.6,0.4,0.5,0.3,0.7,0.7,0.5,0.2,0.3,1,,,
Asia,Eastern Asia,"China, Hong Kong Special Administrative Region",CTS,Males,,,,,25,21,17,7,11,22,16,8,15,25,,,,,,,,,0.8,0.6,0.5,0.2,0.3,0.7,0.5,0.2,0.5,0.8,,,
Asia,Eastern Asia,"China, Macao Special Administrative Region",CTS,Females,,,,,,,,,3,4,    ,3,1,1,    ,1,    ,,,,,,,,,,1.1,1.5,    ,1.1,0.3,0.3,    ,0.3,    
Asia,Eastern Asia,"China, Macao Special Administrative Region",CTS,Males,,,,,,,,,1,2,2,1,3,    ,    ,    ,1,,,,,,,,,,0.4,0.8,0.8,0.4,1.1,    ,    ,    ,0.3
Asia,Eastern Asia,"China, Taiwan Province of China",GHD Estimate,Females,,,,,,,,,,,,,,,,53,,,,,,,,,,,,,,,,,,0.5,
Asia,Eastern Asia,"China, Taiwan Province of China",GHD Estimate,Males,,,,,,,,,,,,,,,,139,,,,,,,,,,,,,,,,,,1.2,
Asia,Eastern Asia,Japan,CTS/SDG,Females,,,,,333,319,324,282,339,253,237,234,240,191,206,218,197,,,,,,0.5,0.5,0.5,0.4,0.5,0.4,0.4,0.4,0.4,0.3,0.3,0.3,0.3
Asia,Eastern Asia,Japan,CTS/SDG,Males,,,,,366,324,295,292,315,253,228,208,189,179,189,145,165,,,,,,0.6,0.5,0.5,0.5,0.5,0.4,0.4,0.3,0.3,0.3,0.3,0.2,0.3
Asia,Eastern Asia,Mongolia,CTS,Females,,,,,,,,66,49,59,67,60,57,56,54,43,39,,,,,,,,,5.1,3.7,4.4,4.9,4.3,4,3.9,3.7,2.9,2.6
Asia,Eastern Asia,Mongolia,CTS,Males,,,,,,,,227,163,160,172,206,142,149,159,141,132,,,,,,,,,17.6,12.5,12.1,12.8,15,10.2,10.5,11,9.6,8.8
Asia,Eastern Asia,Republic of Korea,MD/CTS,Females,,,,,,,,,,,,224,,180,192,191,194,,,,,,,,,,,,,0.9,,0.7,0.8,0.8,0.8
Asia,Eastern Asia,Republic of Korea,MD/CTS,Males,,,,,,,,,,,,203,,162,180,174,162,,,,,,,,,,,,,0.8,,0.6,0.7,0.7,0.6
Asia,SouthEastern Asia,Brunei Darussalam,WHO,Females,2,,,,,,,,,,,,,,,,,,1.2,,,,,,,,,,,,,,,,
Asia,SouthEastern Asia,Brunei Darussalam,WHO,Males,2,,,,,,,,,,,,,,,,,,1.2,,,,,,,,,,,,,,,,
Asia,SouthEastern Asia,Cambodia,GHD Estimate,Females,,,,,,,,,,,,43,,,,,,,,,,,,,,,,,,0.6,,,,,
Asia,SouthEastern Asia,Cambodia,GHD Estimate,Males,,,,,,,,,,,,225,,,,,,,,,,,,,,,,,,3.2,,,,,
Asia,SouthEastern Asia,Indonesia,GHD Estimate,Females,,,,,,,,,,,,,,,332,,,,,,,,,,,,,,,,,,0.3,,
Asia,SouthEastern Asia,Indonesia,GHD Estimate,Males,,,,,,,,,,,,,,,945,,,,,,,,,,,,,,,,,,0.7,,
Asia,SouthEastern Asia,Lao People's Democratic Republic,GHD Estimate,Females,,,,,,,,,,,,,,,,107,,,,,,,,,,,,,,,,,,3.2,
Asia,SouthEastern Asia,Lao People's Democratic Republic,GHD Estimate,Males,,,,,,,,,,,,,,,,360,,,,,,,,,,,,,,,,,,10.8,
Asia,SouthEastern Asia,Malaysia,GHD Estimate,Females,,,,,,,,,,,102,,,,,,,,,,,,,,,,,,0.7,,,,,,
Asia,SouthEastern Asia,Malaysia,GHD Estimate,Males,,,,,,,,,,,438,,,,,,,,,,,,,,,,,,3,,,,,,
Asia,SouthEastern Asia,Myanmar,CTS,Females,,,,,,,,,,131,151,100,241,208,206,193,206,,,,,,,,,,,0.5,0.6,0.4,0.9,0.8,0.8,0.7,0.8
Asia,SouthEastern Asia,Myanmar,CTS,Males,,,,,,,,,,748,650,955,"1,195","1,030","1,024",959,992,,,,,,,,,,,3.1,2.7,3.9,4.8,4.1,4,3.7,3.8
Asia,SouthEastern Asia,Philippines,CTS,Females,,,,,,,,952,"1,197","1,574","1,248","1,041","1,087",,,,,,,,,,,,,2.1,2.7,3.4,2.7,2.2,2.3,,,,
Asia,SouthEastern Asia,Philippines,CTS,Males,,,,,,,,"5,010","4,623","7,514","7,649","7,633","7,397",,,,,,,,,,,,,11.1,10.1,16.2,16.2,15.9,15.1,,,,
Asia,SouthEastern Asia,Singapore,CTS,Females,,,,,,,5,5,11,7,3,6,6,6,7,3,7,,,,,,,,0.2,0.2,0.4,0.3,0.1,0.2,0.2,0.2,0.3,0.1,0.2
Asia,SouthEastern Asia,Singapore,CTS,Males,,,,,,,12,13,16,13,16,10,5,11,7,11,11,,,,,,,,0.5,0.6,0.7,0.5,0.6,0.4,0.2,0.4,0.3,0.4,0.4
Asia,SouthEastern Asia,Thailand,MD,Females,902,,698,952,504,622,580,596,526,492,457,445,475,378,404,,,,2.8,,2.1,2.9,1.5,1.9,1.7,1.8,1.6,1.4,1.3,1.3,1.4,1.1,1.2,,
Asia,SouthEastern Asia,Thailand,MD,Males,"4,240",,"3,840","5,482","3,769","4,184","4,107","3,839","3,448","3,211","3,197","2,862","2,848","2,516","2,245",,,,13.6,,12.2,17.2,11.8,13,12.7,11.8,10.6,9.8,9.7,8.7,8.6,7.6,6.7,,
Asia,SouthEastern Asia,TimorLeste,GHD Estimate,Females,,,,,,,,,,,,,,,,10,,,,,,,,,,,,,,,,,,1.6,
Asia,SouthEastern Asia,TimorLeste,GHD Estimate,Males,,,,,,,,,,,,,,,,39,,,,,,,,,,,,,,,,,,6.2,
Asia,SouthEastern Asia,Viet Nam,GHD Estimate,Females,,,,,,,,,,,,203,,,,,,,,,,,,,,,,,,0.4,,,,,
Asia,SouthEastern Asia,Viet Nam,GHD Estimate,Males,,,,,,,,,,,,"1,155",,,,,,,,,,,,,,,,,,2.6,,,,,
Asia,Southern Asia,Afghanistan,GHD Estimate,Females,,,,,,,,,,,,,92,,,,,,,,,,,,,,,,,,0.6,,,,
Asia,Southern Asia,Afghanistan,GHD Estimate,Males,,,,,,,,,,,,,"1,856",,,,,,,,,,,,,,,,,,11.8,,,,
Asia,Southern Asia,Bangladesh,GHD Estimate,Females,,,,,,,,,,,,,,,,836,,,,,,,,,,,,,,,,,,1,
Asia,Southern Asia,Bangladesh,GHD Estimate,Males,,,,,,,,,,,,,,,,"3,199",,,,,,,,,,,,,,,,,,3.9,
Asia,Southern Asia,Bhutan,CTS,Females,,,,,,,,,,,,,,,,2,4,,,,,,,,,,,,,,,,,0.5,1.1
Asia,Southern Asia,Bhutan,CTS,Males,,,,,,,,,,,,,,,,10,5,,,,,,,,,,,,,,,,,2.4,1.2
Asia,Southern Asia,India,MOI,Females,"16,198","15,934","15,463","14,473","15,864","15,268","15,787","16,794","16,993","17,854","17,871","18,731","18,451","17,911","18,284","17,101","17,040",,3.2,3.1,2.9,2.7,2.9,2.8,2.8,3,2.9,3.1,3,3.1,3,2.9,2.9,2.7,2.7
Asia,Southern Asia,India,MOI,Males,"35,146","33,469","33,248","29,858","30,626","29,827","29,312","28,568","29,006","27,970","28,589","28,909","29,027","27,967","29,072","27,284","25,638",,6.4,6,5.9,5.2,5.2,5,4.9,4.7,4.7,4.4,4.5,4.5,4.4,4.2,4.3,4,3.7
Asia,Southern Asia,Iran (Islamic Republic of),MD,Females,,,,,,,,,,,,,,292,224,,,,,,,,,,,,,,,,,0.8,0.6,,
Asia,Southern Asia,Iran (Islamic Republic of),MD,Males,,,,,,,,,,,,,,"1,745","1,712",,,,,,,,,,,,,,,,,4.5,4.3,,
Asia,Southern Asia,Maldives,GHD Estimate,Females,,,,,,,,,,,,,,1,,,,,,,,,,,,,,,,,,0.3,,,
Asia,Southern Asia,Maldives,GHD Estimate,Males,,,,,,,,,,,,,,2,,,,,,,,,,,,,,,,,,1.1,,,
Asia,Southern Asia,Nepal,GHD Estimate,Females,,,,,,,,,,,,,,,129,,,,,,,,,,,,,,,,,,0.9,,
Asia,Southern Asia,Nepal,GHD Estimate,Males,,,,,,,,,,,,,,,429,,,,,,,,,,,,,,,,,,3.1,,
Asia,Southern Asia,Pakistan,GHD Estimate,Females,,,,,,,,,,,,,,,,"2,164",,,,,,,,,,,,,,,,,,2.3,
Asia,Southern Asia,Pakistan,GHD Estimate,Males,,,,,,,,,,,,,,,,"7,322",,,,,,,,,,,,,,,,,,7.5,
Asia,Southern Asia,Sri Lanka,CTS,Females,,,,,,,,,349,203,168,185,171,146,125,111,130,,,,,,,,,,3.4,2,1.6,1.8,1.6,1.4,1.2,1,1.2
Asia,Southern Asia,Sri Lanka,CTS,Males,,,,,,,,,"1,653",896,595,547,505,473,428,376,400,,,,,,,,,,16.9,9.1,6.1,5.5,5.1,4.8,4.3,3.8,4
Asia,Western Asia,Armenia,UNECE/CTS,Females,26,18,20,11,22,11,26,13,26,25,10,19,19,19,20,21,16,,1.6,1.1,1.2,0.7,1.4,0.7,1.7,0.8,1.7,1.6,0.7,1.2,1.2,1.2,1.3,1.4,1
Asia,Western Asia,Armenia,UNECE/CTS,Males,65,70,49,65,61,47,53,64,71,72,46,52,46,44,52,54,71,,4.5,4.9,3.5,4.6,4.3,3.4,3.8,4.6,5.2,5.3,3.4,3.9,3.4,3.2,3.8,3.9,5.2
Asia,Western Asia,Azerbaijan,CTS,Females,,,,,,,,,,,62,,58,70,87,,88,,,,,,,,,,,,1.4,,1.2,1.5,1.8,,1.8
Asia,Western Asia,Azerbaijan,CTS,Males,,,,,,,,,,,144,,144,151,149,,120,,,,,,,,,,,,3.2,,3.1,3.2,3.2,,2.5
Asia,Western Asia,Bahrain,GHD Estimate,Females,,,,,,,,,,,,2,,,,,,,,,,,,,,,,,,0.3,,,,,
Asia,Western Asia,Bahrain,GHD Estimate,Males,,,,,,,,,,,,5,,,,,,,,,,,,,,,,,,0.7,,,,,
Asia,Western Asia,Cyprus,CTS,Females,,,,,4,2,4,3,2,7,1,6,5,3,5,2,5,,,,,,0.8,0.4,0.8,0.6,0.4,1.3,0.2,1.1,0.9,0.5,0.9,0.3,0.9
Asia,Western Asia,Cyprus,CTS,Males,,,,,12,18,11,10,7,12,7,3,17,9,6,13,8,,,,,,2.3,3.5,2.1,1.9,1.3,2.2,1.3,0.5,3,1.6,1,2.2,1.4
Asia,Western Asia,Georgia,CTS,Females,,,,,34,72,45,45,43,33,28,,,,33,,34,,,,,,1.4,3,1.9,1.9,1.9,1.5,1.3,,,,1.6,,1.7
Asia,Western Asia,Georgia,CTS,Males,,,,,264,331,278,285,220,177,159,,,,75,,5,,,,,,12.3,15.6,13.3,13.7,10.7,8.7,7.9,,,,3.9,,0.3
Asia,Western Asia,Iraq,CTS,Females,,,,,,,,,628,952,482,491,510,541,,,,,,,,,,,,,4.4,6.4,3.2,3.1,3.1,3.2,,,
Asia,Western Asia,Iraq,CTS,Males,,,,,,,,,"3,968","1,602","2,209","2,143","2,187","2,798",,,,,,,,,,,,,27,10.6,14.2,13.4,13.2,16.3,,,
Asia,Western Asia,Iraq (Central Iraq),CTS,Females,,,,,,,,,588,923,454,459,485,517,531,,,,,,,,,,,,4.8,7.3,3.5,3.4,3.5,3.6,3.6,,
Asia,Western Asia,Iraq (Central Iraq),CTS,Males,,,,,,,,,"3,864","1,535","2,099","2,059","2,109","2,711","2,498",,,,,,,,,,,,30.8,11.9,15.8,15,14.9,18.4,16.4,,
Asia,Western Asia,Iraq (Kurdistan Region),CTS,Females,,,,,,,,,62,29,28,31,24,22,,,,,,,,,,,,,2.9,1.3,1.2,1.3,1,0.9,,,
Asia,Western Asia,Iraq (Kurdistan Region),CTS,Males,,,,,,,,,82,67,110,85,79,89,,,,,,,,,,,,,3.7,3,4.8,3.6,3.2,3.5,,,
Asia,Western Asia,Israel,MD,Females,37,61,,54,46,52,45,24,30,24,32,35,25,,23,,,,1.2,2,,1.7,1.4,1.5,1.3,0.7,0.8,0.7,0.9,0.9,0.6,,0.6,,
Asia,Western Asia,Israel,MD,Males,110,162,,141,127,114,137,101,106,104,113,116,109,,95,,,,3.7,5.3,,4.5,4,3.5,4.1,2.9,3,2.9,3.1,3.1,2.9,,2.4,,
Asia,Western Asia,Jordan,CTS,Females,,,,,,,,29,30,36,38,28,25,,,,37,,,,,,,,,1,0.9,1.1,1.1,0.8,0.6,,,,0.8
Asia,Western Asia,Jordan,CTS,Males,,,,,,,,83,90,66,78,113,136,,,,108,,,,,,,,,2.6,2.7,1.9,2.1,2.9,3.3,,,,2.3
Asia,Western Asia,Kuwait,NP/CTS,Females,,,,5,11,16,6,12,11,12,13,11,10,,,,,,,,,0.6,1.2,1.7,0.6,1.2,1,1,1,0.8,0.7,,,,
Asia,Western Asia,Kuwait,NP/CTS,Males,,,,24,32,25,39,47,27,37,47,48,51,,,,,,,,,1.9,2.5,1.9,2.8,3.2,1.7,2.3,2.7,2.6,2.6,,,,
Asia,Western Asia,Lebanon,GHD Estimate,Females,,,,,,,,,,,,,,,,36,,,,,,,,,,,,,,,,,,1.2,
Asia,Western Asia,Lebanon,GHD Estimate,Males,,,,,,,,,,,,,,,,195,,,,,,,,,,,,,,,,,,6.6,
Asia,Western Asia,Oman,GHD Estimate,Females,,,,,,,,,,,,,,,5,,,,,,,,,,,,,,,,,,0.4,,
Asia,Western Asia,Oman,GHD Estimate,Males,,,,,,,,,,,,,,,21,,,,,,,,,,,,,,,,,,0.8,,
Asia,Western Asia,Qatar,MD,Females,,1,,,1,4,1,3,1,2,    ,    ,1,1,2,,,,,0.5,,,0.4,1.4,0.3,0.9,0.3,0.5,    ,    ,0.2,0.2,0.3,,
Asia,Western Asia,Qatar,MD,Males,,4,,,4,2,4,6,11,6,4,4,6,8,7,,,,,1,,,0.8,0.3,0.6,0.7,1.1,0.5,0.3,0.3,0.4,0.5,0.4,,
Asia,Western Asia,Saudi Arabia,GHD Estimate,Females,,,,,,,,,,,,,,,,157,,,,,,,,,,,,,,,,,,1.1,
Asia,Western Asia,Saudi Arabia,GHD Estimate,Males,,,,,,,,,,,,,,,,315,,,,,,,,,,,,,,,,,,1.8,
Asia,Western Asia,State of Palestine,CTS,Females,,,,,,,,,,,10,3,4,,,,,,,,,,,,,,,,0.5,0.2,0.2,,,,
Asia,Western Asia,State of Palestine,CTS,Males,,,,,,,,,,,22,21,22,,,,,,,,,,,,,,,,1.1,1,1,,,,
Asia,Western Asia,Syrian Arab Republic,GHD Estimate,Females,,,,,,,,,,,105,,,,,,,,,,,,,,,,,,1,,,,,,
Asia,Western Asia,Syrian Arab Republic,GHD Estimate,Males,,,,,,,,,,,358,,,,,,,,,,,,,,,,,,3.4,,,,,,
Asia,Western Asia,Turkey,UNECE/CTS,Females,,,,588,605,608,551,615,570,"1,007",634,629,606,,,,,,,,,1.8,1.8,1.8,1.6,1.7,1.6,2.8,1.7,1.7,1.6,,,,
Asia,Western Asia,Turkey,UNECE/CTS,Males,,,,"2,249","2,309","2,697","2,617","2,984","2,687","2,685","2,430","2,432","2,610",,,,,,,,,6.9,7,8.1,7.7,8.7,7.8,7.7,6.8,6.7,7.1,,,,
Asia,Western Asia,United Arab Emirates,CTS,Females,,,,,,,,,,,18,15,17,18,16,10,,,,,,,,,,,,,0.9,0.7,0.7,0.8,0.7,0.4,
Asia,Western Asia,United Arab Emirates,CTS,Males,,,,,,,,,,,49,36,52,39,45,50,,,,,,,,,,,,,0.8,0.6,0.8,0.6,0.7,0.7,
Asia,Western Asia,Yemen,GHD Estimate,Females,,,,,,,,,,,,,,375,,,,,,,,,,,,,,,,,,3,,,
Asia,Western Asia,Yemen,GHD Estimate,Males,,,,,,,,,,,,,,"1,328",,,,,,,,,,,,,,,,,,10.3,,,
Europe,Eastern Europe,Belarus,CTS,Females,,,,,,,,222,179,198,136,117,126,103,116,,,,,,,,,,,4.3,3.5,3.9,2.7,2.3,2.5,2,2.3,,
Europe,Eastern Europe,Belarus,CTS,Males,,,,,,,,427,362,289,265,256,214,230,224,,,,,,,,,,,9.6,8.2,6.6,6,5.8,4.9,5.2,5.1,,
Europe,Eastern Europe,Bulgaria,MD/CTS,Females,97,62,57,52,57,52,54,38,36,35,27,30,37,34,26,29,22,,2.4,1.5,1.4,1.3,1.4,1.3,1.4,1,0.9,0.9,0.7,0.8,1,0.9,0.7,0.8,0.6
Europe,Eastern Europe,Bulgaria,MD/CTS,Males,235,246,198,195,187,147,132,139,136,115,121,98,104,75,90,100,59,,6,6.4,5.2,5.1,5,3.9,3.6,3.8,3.7,3.2,3.4,2.7,2.9,2.1,2.6,2.9,1.7
Europe,Eastern Europe,Czechia,UNSDC/CTS,Females,54,53,65,58,50,45,54,55,44,38,53,44,48,51,45,49,36,,1,1,1.2,1.1,0.9,0.9,1,1,0.8,0.7,1,0.8,0.9,0.9,0.8,0.9,0.7
Europe,Eastern Europe,Czechia,UNSDC/CTS,Males,127,89,84,105,84,63,76,71,70,56,50,42,57,39,36,39,29,,2.5,1.8,1.7,2.1,1.7,1.3,1.5,1.4,1.4,1.1,1,0.8,1.1,0.7,0.7,0.7,0.6
Europe,Eastern Europe,Hungary,MD/CTS,Females,87,85,87,91,88,76,74,63,70,63,61,42,58,71,67,102,82,,1.6,1.6,1.6,1.7,1.7,1.4,1.4,1.2,1.3,1.2,1.2,0.8,1.1,1.4,1.3,2,1.6
Europe,Eastern Europe,Hungary,MD/CTS,Males,118,169,116,137,121,88,100,91,111,76,77,103,66,83,79,119,120,,2.4,3.5,2.4,2.8,2.5,1.8,2.1,1.9,2.3,1.6,1.6,2.2,1.4,1.8,1.7,2.6,2.6
Europe,Eastern Europe,Poland,MD/CTS,Females,229,219,204,205,154,144,140,116,125,143,134,140,102,83,75,,70,,1.2,1.1,1,1,0.8,0.7,0.7,0.6,0.6,0.7,0.7,0.7,0.5,0.4,0.4,,0.4
Europe,Eastern Europe,Poland,MD/CTS,Males,626,557,512,457,479,411,350,409,335,350,302,309,275,213,207,,186,,3.3,3,2.7,2.5,2.6,2.2,1.9,2.2,1.8,1.9,1.6,1.7,1.5,1.2,1.1,,1
Europe,Eastern Europe,Republic of Moldova,MD/CTS,Females,120,120,127,107,92,100,76,68,91,71,54,56,63,56,48,,,,5.5,5.5,5.8,4.9,4.3,4.6,3.5,3.2,4.3,3.3,2.5,2.6,3,2.6,2.3,,
Europe,Eastern Europe,Republic of Moldova,MD/CTS,Males,313,291,274,212,185,196,186,149,145,175,213,248,166,113,82,,,,15.6,14.5,13.7,10.6,9.3,9.8,9.4,7.5,7.3,8.9,10.8,12.6,8.5,5.8,4.2,,
Europe,Eastern Europe,Romania,MD,Females,161,160,176,155,166,135,139,136,156,132,133,119,126,113,99,102,,,1.4,1.4,1.6,1.4,1.5,1.2,1.3,1.3,1.5,1.2,1.3,1.1,1.2,1.1,1,1,
Europe,Eastern Europe,Romania,MD,Males,420,437,387,396,350,318,299,280,314,265,271,216,252,223,199,189,,,3.9,4.1,3.6,3.7,3.3,3,2.9,2.7,3.1,2.6,2.7,2.2,2.6,2.3,2.1,2,
Europe,Eastern Europe,Russian Federation,WHO,Females,"10,337","10,756","10,716","10,305","9,641","8,849","7,215","6,196","5,722","5,342",,,,,,,,,13.3,13.9,13.8,13.4,12.5,11.5,9.4,8.1,7.5,7,,,,,,,
Europe,Eastern Europe,Russian Federation,WHO,Males,"30,753","32,165","33,536","31,459","29,615","26,787","21,629","19,181","18,016","16,029",,,,,,,,,44.9,47.2,49.5,46.6,44.1,40.1,32.5,28.8,27.1,24.1,,,,,,,
Europe,Eastern Europe,Slovakia,SDG,Females,34,33,49,47,36,32,15,28,24,32,31,31,18,23,33,14,20,,1.2,1.2,1.8,1.7,1.3,1.2,0.5,1,0.9,1.2,1.1,1.1,0.6,0.8,1.2,0.5,0.7
Europe,Eastern Europe,Slovakia,SDG,Males,95,85,72,90,72,61,67,54,62,46,51,57,45,48,36,30,37,,3.6,3.2,2.7,3.4,2.8,2.3,2.6,2.1,2.4,1.8,1.9,2.2,1.7,1.8,1.4,1.1,1.4
Europe,Eastern Europe,Ukraine,WHO,Females,"1,309","1,486","1,315","1,266","1,110",959,909,,739,705,603,,,,,,,,5,5.7,5.1,5,4.4,3.8,3.6,,3,2.8,2.4,,,,,,
Europe,Eastern Europe,Ukraine,WHO,Males,"3,109","3,368","2,981","2,775","2,377","2,071","2,049",,"1,727","1,535","1,385",,,,,,,,13.7,15,13.4,12.6,10.8,9.5,9.5,,8.1,7.2,6.6,,,,,,
Europe,Northern Europe,Denmark,MD/CTS,Females,28,19,12,29,16,16,10,16,17,15,22,15,16,13,31,23,23,,1,0.7,0.5,1.1,0.6,0.6,0.4,0.6,0.6,0.5,0.8,0.5,0.6,0.5,1.1,0.8,0.8
Europe,Northern Europe,Denmark,MD/CTS,Males,30,33,44,36,27,37,19,23,37,32,20,31,31,35,42,33,33,,1.1,1.2,1.6,1.4,1,1.4,0.7,0.8,1.4,1.2,0.7,1.1,1.1,1.2,1.5,1.2,1.2
Europe,Northern Europe,Estonia,MD/CTS,Females,26,30,32,40,16,28,25,19,19,22,16,14,17,18,9,10,,,3.4,4,4.4,5.4,2.2,3.9,3.4,2.7,2.6,3,2.3,2,2.4,2.6,1.3,1.4,
Europe,Northern Europe,Estonia,MD/CTS,Males,117,107,110,107,75,85,66,77,67,48,54,51,46,34,32,32,,,18,16.5,17,16.8,11.8,13.4,10.6,12.3,10.8,7.8,8.6,8.2,7.4,5.5,5.2,5.2,
Europe,Northern Europe,Finland,MD/CTS,Females,46,48,44,30,33,35,37,48,44,34,28,37,40,24,27,16,24,,1.7,1.8,1.6,1.1,1.2,1.3,1.4,1.8,1.6,1.2,1,1.3,1.5,0.9,1,0.6,0.9
Europe,Northern Europe,Finland,MD/CTS,Males,102,108,88,73,115,84,82,81,89,86,91,73,48,65,61,66,54,,4,4.3,3.5,2.8,4.5,3.3,3.2,3.1,3.4,3.3,3.5,2.8,1.8,2.4,2.3,2.4,2
Europe,Northern Europe,Iceland,MD/CTS,Females,,,,,,    ,,    ,,    ,    ,1,1,    ,2,    ,1,,,,,,,    ,,    ,,    ,    ,0.6,0.6,    ,1.2,    ,0.6
Europe,Northern Europe,Iceland,MD/CTS,Males,,,,,,3,,2,,1,2,2,    ,1,    ,3,    ,,,,,,,2,,1.3,,0.6,1.2,1.2,    ,0.6,    ,1.8,    
Europe,Northern Europe,Ireland,MD,Females,8,8,11,8,5,8,16,11,10,10,7,2,13,8,,,,,0.4,0.4,0.5,0.4,0.2,0.4,0.8,0.5,0.4,0.4,0.3,0.1,0.5,0.3,,,
Europe,Northern Europe,Ireland,MD,Males,29,44,41,29,25,44,46,67,40,46,46,41,40,44,,,,,1.5,2.3,2.1,1.4,1.2,2.1,2.1,3,1.8,2,2,1.7,1.7,1.9,,,
Europe,Northern Europe,Latvia,CTS/SDG,Females,,,,,,,,,,,,,37,24,37,29,,,,,,,,,,,,,,,3.3,2.2,3.4,2.7,
Europe,Northern Europe,Latvia,CTS/SDG,Males,,,,,,,,,,,,,33,26,27,38,,,,,,,,,,,,,,,3.5,2.8,3,4.1,
Europe,Northern Europe,Lithuania,MD/CTS,Females,102,89,70,104,130,100,75,72,81,64,75,66,53,60,53,49,46,,5.5,4.8,3.8,5.7,7.2,5.6,4.2,4.1,4.7,3.7,4.4,4,3.2,3.7,3.3,3.1,2.9
Europe,Northern Europe,Lithuania,MD/CTS,Males,268,264,223,240,213,272,213,205,217,188,144,145,149,138,106,123,107,,16.4,16.2,13.9,15.1,13.5,17.5,13.9,13.6,14.6,12.9,10,10.2,10.7,10,7.8,9.1,8
Europe,Northern Europe,Norway,MD/CTS,Females,22,15,15,24,13,14,21,17,10,12,15,52,9,20,13,14,11,,1,0.6,0.7,1.1,0.6,0.6,0.9,0.7,0.4,0.5,0.6,2.1,0.4,0.8,0.5,0.5,0.4
Europe,Northern Europe,Norway,MD/CTS,Males,26,22,31,27,23,19,12,13,24,17,14,59,18,26,16,10,16,,1.2,1,1.4,1.2,1,0.8,0.5,0.6,1,0.7,0.6,2.4,0.7,1,0.6,0.4,0.6
Europe,Northern Europe,Sweden,MD/CTS,Females,37,29,36,27,41,31,36,32,28,38,27,25,21,26,25,29,29,,0.8,0.7,0.8,0.6,0.9,0.7,0.8,0.7,0.6,0.8,0.6,0.5,0.4,0.5,0.5,0.6,0.6
Europe,Northern Europe,Sweden,MD/CTS,Males,59,58,65,58,66,52,55,79,54,55,64,56,47,61,62,83,77,,1.3,1.3,1.5,1.3,1.5,1.2,1.2,1.7,1.2,1.2,1.4,1.2,1,1.3,1.3,1.7,1.6
Europe,Northern Europe,United Kingdom (England and Wales),SDG/CTS,Females,315,324,342,323,322,281,298,307,262,193,257,170,222,205,199,232,269,,1.2,1.2,1.3,1.2,1.2,1,1.1,1.1,0.9,0.7,0.9,0.6,0.8,0.7,0.7,0.8,0.9
Europe,Northern Europe,United Kingdom (England and Wales),SDG/CTS,Males,449,469,602,452,457,427,412,422,377,402,376,356,321,316,312,336,440,,1.7,1.8,2.3,1.7,1.7,1.6,1.5,1.6,1.4,1.5,1.4,1.3,1.2,1.1,1.1,1.2,1.5
Europe,Northern Europe,United Kingdom (Northern Ireland),CTS/SDG,Females,,,,,,7,7,7,4,5,5,4,3,5,7,4,2,,,,,,,0.8,0.8,0.8,0.4,0.6,0.5,0.4,0.3,0.5,0.7,0.4,0.2
Europe,Northern Europe,United Kingdom (Northern Ireland),CTS/SDG,Males,,,,,,24,23,22,20,24,18,18,18,15,10,19,16,,,,,,,2.8,2.7,2.5,2.3,2.7,2,2,2,1.7,1.1,2.1,1.7
Europe,Northern Europe,United Kingdom (Scotland),SDG/CTS,Females,36,22,20,15,27,13,20,24,28,27,21,20,12,15,15,16,16,,1.4,0.8,0.8,0.6,1,0.5,0.8,0.9,1,1,0.8,0.7,0.4,0.5,0.5,0.6,0.6
Europe,Northern Europe,United Kingdom (Scotland),SDG/CTS,Males,70,94,105,94,110,82,100,91,71,55,79,73,51,47,47,42,48,,2.8,3.8,4.3,3.8,4.5,3.3,4,3.6,2.8,2.2,3.1,2.8,2,1.8,1.8,1.6,1.8
Europe,Northern Europe,United Kingdom of Great Britain and Northern Ireland,CTS,Females,,,,,,312,339,349,300,225,291,194,244,230,224,257,291,,,,,,,1,1.1,1.1,0.9,0.7,0.9,0.6,0.7,0.7,0.7,0.8,0.9
Europe,Northern Europe,United Kingdom of Great Britain and Northern Ireland,CTS,Males,,,,,,522,521,524,462,481,465,447,383,373,366,392,500,,,,,,,1.8,1.8,1.7,1.5,1.6,1.5,1.4,1.2,1.2,1.1,1.2,1.5
Europe,Southern Europe,Albania,MD/CTS,Females,13,39,39,21,19,21,23,24,19,7,19,22,26,24,13,14,15,,0.8,2.5,2.5,1.4,1.2,1.4,1.5,1.6,1.3,0.5,1.3,1.5,1.8,1.7,0.9,1,1
Europe,Southern Europe,Albania,MD/CTS,Males,118,181,177,145,112,133,72,81,74,78,108,120,131,100,104,52,64,,7.5,11.5,11.2,9.2,7.2,8.6,4.7,5.3,4.9,5.3,7.3,8.1,8.9,6.8,7.1,3.5,4.3
Europe,Southern Europe,Andorra,CTS,Females,,,,,,,,    ,1,    ,    ,    ,    ,    ,    ,    ,,,,,,,,,,    ,2.4,    ,    ,    ,    ,    ,    ,    ,
Europe,Southern Europe,Andorra,CTS,Males,,,,,,,,    ,    ,    ,    ,1,    ,    ,    ,    ,,,,,,,,,,    ,    ,    ,    ,2.3,    ,    ,    ,    ,
Europe,Southern Europe,Bosnia and Herzegovina,UNECE/CTS,Females,20,29,25,,,,,,,15,10,16,24,14,11,18,15,,1,1.5,1.3,,,,,,,0.8,0.5,0.9,1.3,0.8,0.6,1,0.8
Europe,Southern Europe,Bosnia and Herzegovina,UNECE/CTS,Males,79,53,65,,,,,,,56,46,35,39,32,39,39,30,,4.3,2.9,3.5,,,,,,,3,2.5,1.9,2.2,1.8,2.2,2.2,1.7
Europe,Southern Europe,Croatia,MD/CTS,Females,32,28,32,22,37,27,32,24,24,24,32,21,18,21,17,15,20,,1.4,1.2,1.4,1,1.6,1.2,1.4,1.1,1.1,1.1,1.4,0.9,0.8,0.9,0.8,0.7,0.9
Europe,Southern Europe,Croatia,MD/CTS,Males,69,53,41,47,46,41,42,38,47,25,30,28,33,25,19,22,24,,3.2,2.5,2,2.2,2.2,1.9,2,1.8,2.2,1.2,1.4,1.3,1.6,1.2,0.9,1.1,1.2
Europe,Southern Europe,Greece,MD/CTS,Females,,36,24,33,30,44,22,35,33,25,34,32,39,50,27,30,26,,,0.6,0.4,0.6,0.5,0.8,0.4,0.6,0.6,0.4,0.6,0.6,0.7,0.9,0.5,0.5,0.5
Europe,Southern Europe,Greece,MD/CTS,Males,,96,71,89,81,88,88,95,111,127,142,152,127,103,80,63,58,,,1.7,1.3,1.6,1.5,1.6,1.6,1.7,2,2.2,2.5,2.7,2.3,1.8,1.4,1.1,1.1
Europe,Southern Europe,Holy See,CTS,Females,,,,,,,,,,    ,    ,    ,    ,    ,    ,    ,,,,,,,,,,,,,,,,,,,
Europe,Southern Europe,Holy See,CTS,Males,,,,,,,,,,    ,    ,    ,    ,    ,    ,    ,,,,,,,,,,,,,,,,,,,
Europe,Southern Europe,Italy,MD/CTS,Females,191,171,183,198,,136,178,150,148,173,154,166,163,179,147,136,149,,0.6,0.6,0.6,0.7,,0.5,0.6,0.5,0.5,0.6,0.5,0.5,0.5,0.6,0.5,0.4,0.5
Europe,Southern Europe,Italy,MD/CTS,Males,575,538,461,521,,474,447,481,467,417,375,386,367,323,328,333,251,,2.1,1.9,1.6,1.8,,1.7,1.6,1.7,1.6,1.4,1.3,1.3,1.3,1.1,1.1,1.2,0.9
Europe,Southern Europe,Kosovo under UNSCR 1244,CTS,Females,,,,,,,,,26,11,20,9,11,4,6,5,4,,,,,,,,,,3,1.3,2.3,1,1.2,0.4,0.7,0.6,0.4
Europe,Southern Europe,Kosovo under UNSCR 1244,CTS,Males,,,,,,,,,87,62,86,53,79,37,35,25,25,,,,,,,,,,9.9,7,9.6,5.9,8.7,4,3.8,2.8,2.7
Europe,Southern Europe,Malta,CTS,Females,,,,,4,2,    ,1,1,3,1,3,3,    ,1,2,,,,,,,2,1,    ,0.5,0.5,1.4,0.5,1.4,1.4,    ,0.5,0.9,
Europe,Southern Europe,Malta,CTS,Males,,,,,3,2,    ,3,5,1,3,    ,9,7,5,2,,,,,,,1.5,1,    ,1.5,2.4,0.5,1.4,    ,4.3,3.3,2.3,0.9,
Europe,Southern Europe,Montenegro,CTS,Females,,,,,,,,3,5,7,7,3,3,1,4,3,3,,,,,,,,,1,1.6,2.1,2.2,0.9,0.9,0.3,1.3,0.9,0.9
Europe,Southern Europe,Montenegro,CTS,Males,,,,,,,,9,19,14,8,18,14,9,16,14,25,,,,,,,,,3,6.2,4.7,2.6,5.8,4.5,2.9,5.2,4.5,8.1
Europe,Southern Europe,Portugal,SDG,Females,36,25,37,33,39,33,42,52,36,38,42,39,41,52,48,,,,0.7,0.5,0.7,0.6,0.7,0.6,0.8,0.9,0.7,0.7,0.8,0.7,0.7,0.9,0.9,,
Europe,Southern Europe,Portugal,SDG,Males,80,80,82,116,105,102,113,133,88,92,82,75,81,92,44,,,,1.6,1.6,1.6,2.3,2.1,2,2.2,2.6,1.7,1.8,1.6,1.5,1.6,1.8,0.9,,
Europe,Southern Europe,San Marino,WHO,Females,    ,    ,1,    ,    ,    ,    ,    ,    ,    ,    ,    ,,,,,,,,,,,,,,,,,,,,,,,
Europe,Southern Europe,San Marino,WHO,Males,    ,    ,    ,    ,    ,    ,    ,    ,    ,    ,    ,    ,,,,,,,,,,,,,,,,,,,,,,,
Europe,Southern Europe,Serbia,MD/CTS,Females,60,76,56,67,51,45,51,55,38,38,42,39,38,47,38,31,41,,1.2,1.6,1.2,1.4,1.1,1,1.1,1.2,0.8,0.8,0.9,0.8,0.8,1,0.8,0.7,0.9
Europe,Southern Europe,Serbia,MD/CTS,Males,168,167,144,109,113,102,105,116,102,116,88,96,73,95,82,73,82,,3.6,3.6,3.1,2.4,2.5,2.3,2.3,2.6,2.3,2.6,2,2.2,1.7,2.2,1.9,1.7,1.9
Europe,Southern Europe,Slovenia,CTS,Females,,,,,7,10,3,8,5,7,8,7,6,3,6,11,2,,,,,,0.7,1,0.3,0.8,0.5,0.7,0.8,0.7,0.6,0.3,0.6,1.1,0.2
Europe,Southern Europe,Slovenia,CTS,Males,,,,,20,10,9,16,5,6,7,9,8,9,11,9,8,,,,,,2.1,1,0.9,1.6,0.5,0.6,0.7,0.9,0.8,0.9,1,0.9,0.8
Europe,Southern Europe,Spain,MD/CTS,Females,,133,134,171,188,129,160,167,127,136,156,128,125,121,128,121,113,,,0.6,0.6,0.8,0.9,0.6,0.7,0.7,0.5,0.6,0.7,0.5,0.5,0.5,0.5,0.5,0.5
Europe,Southern Europe,Spain,MD/CTS,Males,,444,430,416,332,389,316,315,280,276,245,257,239,181,195,181,181,,,2.2,2.1,2,1.6,1.8,1.4,1.4,1.2,1.2,1.1,1.1,1,0.8,0.9,0.8,0.8
Europe,Southern Europe,The former Yugoslav Republic of Macedonia,MD/CTS,Females,12,,9,17,12,9,9,11,9,12,15,4,11,7,10,,,,1.1,,0.8,1.7,1.2,0.9,0.9,1.1,0.9,1.2,1.4,0.4,1.1,0.7,1,,
Europe,Southern Europe,The former Yugoslav Republic of Macedonia,MD/CTS,Males,35,,51,53,37,35,37,31,26,23,28,26,18,15,23,,,,3.5,,5,5.2,3.6,3.4,3.6,3,2.5,2.2,2.7,2.5,1.7,1.4,2.2,,
Europe,Western Europe,Austria,MD/CTS,Females,54,42,38,23,32,24,29,24,29,28,30,35,38,30,23,17,32,,1.3,1,0.9,0.6,0.8,0.6,0.7,0.6,0.7,0.7,0.7,0.8,0.9,0.7,0.5,0.4,0.7
Europe,Western Europe,Austria,MD/CTS,Males,28,28,27,27,27,30,32,21,29,23,28,40,41,32,22,29,25,,0.7,0.7,0.7,0.7,0.7,0.7,0.8,0.5,0.7,0.6,0.7,1,1,0.8,0.5,0.7,0.6
Europe,Western Europe,Belgium,MD,Females,83,103,132,94,126,92,88,87,71,76,69,92,77,99,80,,,,1.6,2,2.5,1.8,2.4,1.7,1.6,1.6,1.3,1.4,1.2,1.6,1.4,1.7,1.4,,
Europe,Western Europe,Belgium,MD,Males,129,179,187,136,142,129,133,124,132,113,120,122,128,106,128,,,,2.6,3.5,3.7,2.7,2.8,2.5,2.6,2.4,2.5,2.1,2.2,2.2,2.3,1.9,2.3,,
Europe,Western Europe,France,CTS,Females,,,,,,,,,,,,,,,,384,343,,,,,,,,,,,,,,,,,1.2,1
Europe,Western Europe,France,CTS,Males,,,,,,,,,,,,,,,,633,532,,,,,,,,,,,,,,,,,2,1.7
Europe,Western Europe,Germany,MD/CTS,Females,473,393,440,381,398,391,387,362,337,386,393,338,296,328,339,327,469,,1.1,0.9,1.1,0.9,1,0.9,0.9,0.9,0.8,0.9,1,0.8,0.7,0.8,0.8,0.8,1.1
Europe,Western Europe,Germany,MD/CTS,Males,542,532,515,478,470,478,421,395,385,417,400,400,363,354,377,355,494,,1.4,1.3,1.3,1.2,1.2,1.2,1.1,1,1,1.1,1,1,0.9,0.9,0.9,0.9,1.2
Europe,Western Europe,Liechtenstein,CTS,Females,,,,,,,,,,    ,    ,    ,    ,    ,    ,    ,    ,,,,,,,,,,,,,,,,,,
Europe,Western Europe,Liechtenstein,CTS,Males,,,,,,,,,,    ,1,    ,    ,    ,1,    ,    ,,,,,,,,,,,,,,,,,,
Europe,Western Europe,Luxembourg,MD/CTS,Females,,4,,,1,,2,3,,    ,5,    ,    ,,2,,,,,1.8,,,0.4,,0.8,1.2,,    ,2,    ,    ,,0.7,,
Europe,Western Europe,Luxembourg,MD/CTS,Males,,5,,,1,,5,4,,5,5,4,    ,,2,,,,,2.3,,,0.4,,2.2,1.7,,2,2,1.5,    ,,0.7,,
Europe,Western Europe,Monaco,CTS,Females,,,,,,,,,,,,,,    ,,    ,,,,,,,,,,,,,,,,,,,
Europe,Western Europe,Monaco,CTS,Males,,,,,,,,,,,,,,    ,,    ,,,,,,,,,,,,,,,,,,,
Europe,Western Europe,Netherlands,NSO/CTS,Females,60,68,61,73,53,57,49,47,47,50,54,50,50,56,30,42,30,,0.7,0.8,0.8,0.9,0.6,0.7,0.6,0.6,0.6,0.6,0.6,0.6,0.6,0.7,0.4,0.5,0.4
Europe,Western Europe,Netherlands,NSO/CTS,Males,120,134,134,129,138,117,79,96,103,104,90,93,95,69,93,62,64,,1.5,1.7,1.7,1.6,1.7,1.4,1,1.2,1.3,1.3,1.1,1.1,1.1,0.8,1.1,0.7,0.8
Europe,Western Europe,Switzerland,MD/CTS,Females,39,37,49,39,38,38,38,26,25,27,26,23,17,32,24,30,25,,1.1,1,1.3,1.1,1,1,1,0.7,0.6,0.7,0.7,0.6,0.4,0.8,0.6,0.7,0.6
Europe,Western Europe,Switzerland,MD/CTS,Males,30,49,37,34,40,38,22,25,29,24,26,23,28,25,17,27,20,,0.9,1.4,1,0.9,1.1,1,0.6,0.7,0.8,0.6,0.7,0.6,0.7,0.6,0.4,0.7,0.5
Oceania,Australia and New Zealand,Australia,MD/CTS,Females,136,116,121,109,106,97,92,87,100,74,93,90,83,94,94,84,80,,1.4,1.2,1.2,1.1,1.1,1,0.9,0.8,0.9,0.7,0.8,0.8,0.7,0.8,0.8,0.7,0.7
Oceania,Australia and New Zealand,Australia,MD/CTS,Males,226,231,245,232,196,162,189,168,161,189,138,158,160,151,149,152,147,,2.4,2.4,2.5,2.4,2,1.6,1.8,1.6,1.5,1.7,1.2,1.4,1.4,1.3,1.3,1.3,1.2
Oceania,Australia and New Zealand,New Zealand,MD/CTS/NP,Females,21,21,27,14,12,27,17,19,23,25,23,15,21,12,14,,,,1.1,1.1,1.3,0.7,0.6,1.3,0.8,0.9,1.1,1.1,1,0.7,0.9,0.5,0.6,,
Oceania,Australia and New Zealand,New Zealand,MD/CTS/NP,Males,31,30,33,30,33,34,32,29,28,42,20,24,20,34,31,,,,1.6,1.6,1.7,1.5,1.7,1.7,1.5,1.4,1.3,2,1,1.1,0.9,1.5,1.4,,
Oceania,Melanesia,Fiji,NSO,Females,,,,,,9,12,18,10,8,6,9,7,8,12,,,,,,,,,2.2,3,4.4,2.4,1.9,1.4,2.1,1.6,1.9,2.8,,
Oceania,Melanesia,Fiji,NSO,Males,,,,,,14,10,3,7,21,14,11,13,11,8,,,,,,,,,3.3,2.4,0.7,1.6,4.8,3.2,2.5,2.9,2.5,1.8,,
Oceania,Melanesia,Papua New Guinea,GHD Estimate,Females,,,,,,,,119,,,,,,,,,,,,,,,,,,3.6,,,,,,,,,
Oceania,Melanesia,Papua New Guinea,GHD Estimate,Males,,,,,,,,401,,,,,,,,,,,,,,,,,,11.9,,,,,,,,,
Oceania,Melanesia,Solomon Islands,GHD Estimate,Females,,,,,,,,,4,,,,,,,,,,,,,,,,,,1.8,,,,,,,,
Oceania,Melanesia,Solomon Islands,GHD Estimate,Males,,,,,,,,,15,,,,,,,,,,,,,,,,,,5.7,,,,,,,,
Oceania,Melanesia,Vanuatu,GHD Estimate,Females,,,,,,,,,,,,,,,,1,,,,,,,,,,,,,,,,,,1.1,
Oceania,Melanesia,Vanuatu,GHD Estimate,Males,,,,,,,,,,,,,,,,4,,,,,,,,,,,,,,,,,,3.2,
Oceania,Micronesia,Guam,GHD Estimate,Females,,,,,,,,,,,,1,,,,,,,,,,,,,,,,,,1.4,,,,,
Oceania,Micronesia,Guam,GHD Estimate,Males,,,,,,,,,,,,3,,,,,,,,,,,,,,,,,,3.6,,,,,
Oceania,Micronesia,Kiribati,GHD Estimate,Females,,,,,,,,,,,,,2,,,,,,,,,,,,,,,,,,2.9,,,,
Oceania,Micronesia,Kiribati,GHD Estimate,Males,,,,,,,,,,,,,6,,,,,,,,,,,,,,,,,,12.2,,,,
Oceania,Micronesia,Micronesia (Federated States of),GHD Estimate,Females,,,,,,,,,,,,,,,,1,,,,,,,,,,,,,,,,,,2.4,
Oceania,Micronesia,Micronesia (Federated States of),GHD Estimate,Males,,,,,,,,,,,,,,,,4,,,,,,,,,,,,,,,,,,6.9,
Oceania,Polynesia,American Samoa,GHD Estimate,Females,,,,,,,,,,,,,,,,1,,,,,,,,,,,,,,,,,,,
Oceania,Polynesia,American Samoa,GHD Estimate,Males,,,,,,,,,,,,,,,,3,,,,,,,,,,,,,,,,,,,
Oceania,Polynesia,Samoa,GHD Estimate,Females,,,,,,,,,,,,,,1,,,,,,,,,,,,,,,,,,1.4,,,
Oceania,Polynesia,Samoa,GHD Estimate,Males,,,,,,,,,,,,,,5,,,,,,,,,,,,,,,,,,4.8,,,
Oceania,Polynesia,Tonga,NP,Females,    ,1,1,    ,    ,    ,    ,    ,1,3,    ,    ,1,,,,,,    ,2.1,2,    ,    ,    ,    ,    ,1.9,5.8,    ,    ,1.9,,,,
Oceania,Polynesia,Tonga,NP,Males,1,5,5,6,2,4,8,1,3,5,1,2,    ,,,,,,2,10,10,11.9,4,7.9,15.7,2,5.8,9.6,1.9,3.8,    ,,,,
